Assembly Accession	Organism Name	Organism Infraspecific Names Breed	Organism Infraspecific Names Strain	Organism Infraspecific Names Cultivar	Organism Infraspecific Names Isolate	Organism Infraspecific Names Ecotype	Annotation Name	Assembly Stats Total Sequence Length	Assembly Level	Assembly Submission Date	WGS project accession	Assembly Stats Contig N50	Assembly Stats Scaffold N50	Assembly BioProject Lineage Accession	Assembly BioSample Accession
GCA_936431705.1	Cheilosia pagana							354108297	Chromosome	2022-05-03	CAKZFA01	30900780	63862789	PRJEB52065	SAMEA7746768
GCA_936431705.1	Cheilosia pagana							354108297	Chromosome	2022-05-03	CAKZFA01	30900780	63862789	PRJEB51466	SAMEA7746768
GCA_936431705.1	Cheilosia pagana							354108297	Chromosome	2022-05-03	CAKZFA01	30900780	63862789	PRJEB40665	SAMEA7746768
GCA_936431705.1	Cheilosia pagana							354108297	Chromosome	2022-05-03	CAKZFA01	30900780	63862789	PRJNA533106	SAMEA7746768
GCA_936431705.1	Cheilosia pagana							354108297	Chromosome	2022-05-03	CAKZFA01	30900780	63862789	PRJEB43510	SAMEA7746768
GCA_936431705.1	Cheilosia pagana							354108297	Chromosome	2022-05-03	CAKZFA01	30900780	63862789	PRJNA533106	SAMEA7746768
GCA_936435595.1	Cheilosia pagana							353035505	Contig	2022-04-16	CAKZFE01	5178235		PRJEB52064	SAMEA7746768
GCA_936435595.1	Cheilosia pagana							353035505	Contig	2022-04-16	CAKZFE01	5178235		PRJEB51466	SAMEA7746768
GCA_936435595.1	Cheilosia pagana							353035505	Contig	2022-04-16	CAKZFE01	5178235		PRJEB40665	SAMEA7746768
GCA_936435595.1	Cheilosia pagana							353035505	Contig	2022-04-16	CAKZFE01	5178235		PRJNA533106	SAMEA7746768
GCA_936435595.1	Cheilosia pagana							353035505	Contig	2022-04-16	CAKZFE01	5178235		PRJEB43510	SAMEA7746768
GCA_936435595.1	Cheilosia pagana							353035505	Contig	2022-04-16	CAKZFE01	5178235		PRJNA533106	SAMEA7746768
GCA_916610125.1	Cheilosia vulpina							405365642	Chromosome	2021-10-01	CAKAIU01	45551726	69418634	PRJEB47738	SAMEA7746587
GCA_916610125.1	Cheilosia vulpina							405365642	Chromosome	2021-10-01	CAKAIU01	45551726	69418634	PRJEB46307	SAMEA7746587
GCA_916610125.1	Cheilosia vulpina							405365642	Chromosome	2021-10-01	CAKAIU01	45551726	69418634	PRJEB40665	SAMEA7746587
GCA_916610125.1	Cheilosia vulpina							405365642	Chromosome	2021-10-01	CAKAIU01	45551726	69418634	PRJNA533106	SAMEA7746587
GCA_916610125.1	Cheilosia vulpina							405365642	Chromosome	2021-10-01	CAKAIU01	45551726	69418634	PRJEB43510	SAMEA7746587
GCA_916610125.1	Cheilosia vulpina							405365642	Chromosome	2021-10-01	CAKAIU01	45551726	69418634	PRJNA533106	SAMEA7746587
GCA_916610195.1	Cheilosia vulpina							384841096	Contig	2021-09-30	CAKAIX01	1331306		PRJEB47737	SAMEA7746587
GCA_916610195.1	Cheilosia vulpina							384841096	Contig	2021-09-30	CAKAIX01	1331306		PRJEB46307	SAMEA7746587
GCA_916610195.1	Cheilosia vulpina							384841096	Contig	2021-09-30	CAKAIX01	1331306		PRJEB40665	SAMEA7746587
GCA_916610195.1	Cheilosia vulpina							384841096	Contig	2021-09-30	CAKAIX01	1331306		PRJNA533106	SAMEA7746587
GCA_916610195.1	Cheilosia vulpina							384841096	Contig	2021-09-30	CAKAIX01	1331306		PRJEB43510	SAMEA7746587
GCA_916610195.1	Cheilosia vulpina							384841096	Contig	2021-09-30	CAKAIX01	1331306		PRJNA533106	SAMEA7746587
GCA_911387755.1	Chrysotoxum bicinctum							912918972	Chromosome	2021-07-21	CAJVQW01	5739793	265788494	PRJEB46425	SAMEA7520032
GCA_911387755.1	Chrysotoxum bicinctum							912918972	Chromosome	2021-07-21	CAJVQW01	5739793	265788494	PRJEB45198	SAMEA7520032
GCA_911387755.1	Chrysotoxum bicinctum							912918972	Chromosome	2021-07-21	CAJVQW01	5739793	265788494	PRJEB40665	SAMEA7520032
GCA_911387755.1	Chrysotoxum bicinctum							912918972	Chromosome	2021-07-21	CAJVQW01	5739793	265788494	PRJNA533106	SAMEA7520032
GCA_911387755.1	Chrysotoxum bicinctum							912918972	Chromosome	2021-07-21	CAJVQW01	5739793	265788494	PRJEB43510	SAMEA7520032
GCA_911387755.1	Chrysotoxum bicinctum							912918972	Chromosome	2021-07-21	CAJVQW01	5739793	265788494	PRJNA533106	SAMEA7520032
GCA_911387745.1	Chrysotoxum bicinctum							897053803	Scaffold	2021-07-21	CAJVQV01	1451537	1454303	PRJEB46424	SAMEA7520032
GCA_911387745.1	Chrysotoxum bicinctum							897053803	Scaffold	2021-07-21	CAJVQV01	1451537	1454303	PRJEB45198	SAMEA7520032
GCA_911387745.1	Chrysotoxum bicinctum							897053803	Scaffold	2021-07-21	CAJVQV01	1451537	1454303	PRJEB40665	SAMEA7520032
GCA_911387745.1	Chrysotoxum bicinctum							897053803	Scaffold	2021-07-21	CAJVQV01	1451537	1454303	PRJNA533106	SAMEA7520032
GCA_911387745.1	Chrysotoxum bicinctum							897053803	Scaffold	2021-07-21	CAJVQV01	1451537	1454303	PRJEB43510	SAMEA7520032
GCA_911387745.1	Chrysotoxum bicinctum							897053803	Scaffold	2021-07-21	CAJVQV01	1451537	1454303	PRJNA533106	SAMEA7520032
GCA_917880715.2	Criorhina berberina							410379867	Chromosome	2022-02-09	CAKJUL02	34124640	136888952	PRJEB48175	SAMEA7701563
GCA_917880715.2	Criorhina berberina							410379867	Chromosome	2022-02-09	CAKJUL02	34124640	136888952	PRJEB45194	SAMEA7701563
GCA_917880715.2	Criorhina berberina							410379867	Chromosome	2022-02-09	CAKJUL02	34124640	136888952	PRJEB40665	SAMEA7701563
GCA_917880715.2	Criorhina berberina							410379867	Chromosome	2022-02-09	CAKJUL02	34124640	136888952	PRJNA533106	SAMEA7701563
GCA_917880715.2	Criorhina berberina							410379867	Chromosome	2022-02-09	CAKJUL02	34124640	136888952	PRJEB43510	SAMEA7701563
GCA_917880715.2	Criorhina berberina							410379867	Chromosome	2022-02-09	CAKJUL02	34124640	136888952	PRJNA533106	SAMEA7701563
GCA_917880925.1	Criorhina berberina							384527087	Scaffold	2021-11-18	CAKJUZ01	140451	140761	PRJEB48174	SAMEA7701563
GCA_917880925.1	Criorhina berberina							384527087	Scaffold	2021-11-18	CAKJUZ01	140451	140761	PRJEB45194	SAMEA7701563
GCA_917880925.1	Criorhina berberina							384527087	Scaffold	2021-11-18	CAKJUZ01	140451	140761	PRJEB40665	SAMEA7701563
GCA_917880925.1	Criorhina berberina							384527087	Scaffold	2021-11-18	CAKJUZ01	140451	140761	PRJNA533106	SAMEA7701563
GCA_917880925.1	Criorhina berberina							384527087	Scaffold	2021-11-18	CAKJUZ01	140451	140761	PRJEB43510	SAMEA7701563
GCA_917880925.1	Criorhina berberina							384527087	Scaffold	2021-11-18	CAKJUZ01	140451	140761	PRJNA533106	SAMEA7701563
GCA_929447395.1	Epistrophe grossulariae							556592610	Chromosome	2022-02-09	CAKNBH01	4913865	157473245	PRJEB50705	SAMEA8603153
GCA_929447395.1	Epistrophe grossulariae							556592610	Chromosome	2022-02-09	CAKNBH01	4913865	157473245	PRJEB47851	SAMEA8603153
GCA_929447395.1	Epistrophe grossulariae							556592610	Chromosome	2022-02-09	CAKNBH01	4913865	157473245	PRJEB40665	SAMEA8603153
GCA_929447395.1	Epistrophe grossulariae							556592610	Chromosome	2022-02-09	CAKNBH01	4913865	157473245	PRJNA533106	SAMEA8603153
GCA_929447395.1	Epistrophe grossulariae							556592610	Chromosome	2022-02-09	CAKNBH01	4913865	157473245	PRJEB43510	SAMEA8603153
GCA_929447395.1	Epistrophe grossulariae							556592610	Chromosome	2022-02-09	CAKNBH01	4913865	157473245	PRJNA533106	SAMEA8603153
GCA_929447575.1	Epistrophe grossulariae							550347648	Scaffold	2022-02-09	CAKNBI01	947511	947511	PRJEB50704	SAMEA8603153
GCA_929447575.1	Epistrophe grossulariae							550347648	Scaffold	2022-02-09	CAKNBI01	947511	947511	PRJEB47851	SAMEA8603153
GCA_929447575.1	Epistrophe grossulariae							550347648	Scaffold	2022-02-09	CAKNBI01	947511	947511	PRJEB40665	SAMEA8603153
GCA_929447575.1	Epistrophe grossulariae							550347648	Scaffold	2022-02-09	CAKNBI01	947511	947511	PRJNA533106	SAMEA8603153
GCA_929447575.1	Epistrophe grossulariae							550347648	Scaffold	2022-02-09	CAKNBI01	947511	947511	PRJEB43510	SAMEA8603153
GCA_929447575.1	Epistrophe grossulariae							550347648	Scaffold	2022-02-09	CAKNBI01	947511	947511	PRJNA533106	SAMEA8603153
GCA_944738645.1	Eristalinus sepulchralis							376833488	Chromosome	2022-07-13	CALYFP01	5609999	66496560	PRJEB53869	SAMEA7746477
GCA_944738645.1	Eristalinus sepulchralis							376833488	Chromosome	2022-07-13	CALYFP01	5609999	66496560	PRJEB53503	SAMEA7746477
GCA_944738645.1	Eristalinus sepulchralis							376833488	Chromosome	2022-07-13	CALYFP01	5609999	66496560	PRJEB40665	SAMEA7746477
GCA_944738645.1	Eristalinus sepulchralis							376833488	Chromosome	2022-07-13	CALYFP01	5609999	66496560	PRJNA533106	SAMEA7746477
GCA_944738645.1	Eristalinus sepulchralis							376833488	Chromosome	2022-07-13	CALYFP01	5609999	66496560	PRJEB43510	SAMEA7746477
GCA_944738645.1	Eristalinus sepulchralis							376833488	Chromosome	2022-07-13	CALYFP01	5609999	66496560	PRJNA533106	SAMEA7746477
GCA_944738805.1	Eristalinus sepulchralis							371787597	Contig	2022-07-13	CALYJE01	2639017		PRJEB53868	SAMEA7746477
GCA_944738805.1	Eristalinus sepulchralis							371787597	Contig	2022-07-13	CALYJE01	2639017		PRJEB53503	SAMEA7746477
GCA_944738805.1	Eristalinus sepulchralis							371787597	Contig	2022-07-13	CALYJE01	2639017		PRJEB40665	SAMEA7746477
GCA_944738805.1	Eristalinus sepulchralis							371787597	Contig	2022-07-13	CALYJE01	2639017		PRJNA533106	SAMEA7746477
GCA_944738805.1	Eristalinus sepulchralis							371787597	Contig	2022-07-13	CALYJE01	2639017		PRJEB43510	SAMEA7746477
GCA_944738805.1	Eristalinus sepulchralis							371787597	Contig	2022-07-13	CALYJE01	2639017		PRJNA533106	SAMEA7746477
GCA_916610145.1	Eristalis arbustorum							451027004	Chromosome	2021-10-01	CAKAIZ01	1235116	78272982	PRJEB47734	SAMEA7520036
GCA_916610145.1	Eristalis arbustorum							451027004	Chromosome	2021-10-01	CAKAIZ01	1235116	78272982	PRJEB46302	SAMEA7520036
GCA_916610145.1	Eristalis arbustorum							451027004	Chromosome	2021-10-01	CAKAIZ01	1235116	78272982	PRJEB40665	SAMEA7520036
GCA_916610145.1	Eristalis arbustorum							451027004	Chromosome	2021-10-01	CAKAIZ01	1235116	78272982	PRJNA533106	SAMEA7520036
GCA_916610145.1	Eristalis arbustorum							451027004	Chromosome	2021-10-01	CAKAIZ01	1235116	78272982	PRJEB43510	SAMEA7520036
GCA_916610145.1	Eristalis arbustorum							451027004	Chromosome	2021-10-01	CAKAIZ01	1235116	78272982	PRJNA533106	SAMEA7520036
GCA_916610155.1	Eristalis arbustorum							417549593	Scaffold	2021-09-30	CAKAJG01	269108	269108	PRJEB47735	SAMEA7520036
GCA_916610155.1	Eristalis arbustorum							417549593	Scaffold	2021-09-30	CAKAJG01	269108	269108	PRJEB46302	SAMEA7520036
GCA_916610155.1	Eristalis arbustorum							417549593	Scaffold	2021-09-30	CAKAJG01	269108	269108	PRJEB40665	SAMEA7520036
GCA_916610155.1	Eristalis arbustorum							417549593	Scaffold	2021-09-30	CAKAJG01	269108	269108	PRJNA533106	SAMEA7520036
GCA_916610155.1	Eristalis arbustorum							417549593	Scaffold	2021-09-30	CAKAJG01	269108	269108	PRJEB43510	SAMEA7520036
GCA_916610155.1	Eristalis arbustorum							417549593	Scaffold	2021-09-30	CAKAJG01	269108	269108	PRJNA533106	SAMEA7520036
GCA_001015145.1	Eristalis dimidiata				BV_Edimidiata			315428702	Scaffold	2015-05-29	JXPC01	405	2265	PRJNA268391	SAMN03278632
GCA_907269125.1	Eristalis pertinax							482075123	Chromosome	2021-05-19	CAJSMF01	3485103	77495269	PRJEB44948	SAMEA7520039
GCA_907269125.1	Eristalis pertinax							482075123	Chromosome	2021-05-19	CAJSMF01	3485103	77495269	PRJEB44981	SAMEA7520039
GCA_907269125.1	Eristalis pertinax							482075123	Chromosome	2021-05-19	CAJSMF01	3485103	77495269	PRJEB40665	SAMEA7520039
GCA_907269125.1	Eristalis pertinax							482075123	Chromosome	2021-05-19	CAJSMF01	3485103	77495269	PRJNA533106	SAMEA7520039
GCA_907269125.1	Eristalis pertinax							482075123	Chromosome	2021-05-19	CAJSMF01	3485103	77495269	PRJEB43510	SAMEA7520039
GCA_907269125.1	Eristalis pertinax							482075123	Chromosome	2021-05-19	CAJSMF01	3485103	77495269	PRJNA533106	SAMEA7520039
GCA_907269085.1	Eristalis pertinax							465923089	Contig	2021-05-19	CAJSMD01	1218356		PRJEB44949	SAMEA7520039
GCA_907269085.1	Eristalis pertinax							465923089	Contig	2021-05-19	CAJSMD01	1218356		PRJEB44981	SAMEA7520039
GCA_907269085.1	Eristalis pertinax							465923089	Contig	2021-05-19	CAJSMD01	1218356		PRJEB40665	SAMEA7520039
GCA_907269085.1	Eristalis pertinax							465923089	Contig	2021-05-19	CAJSMD01	1218356		PRJNA533106	SAMEA7520039
GCA_907269085.1	Eristalis pertinax							465923089	Contig	2021-05-19	CAJSMD01	1218356		PRJEB43510	SAMEA7520039
GCA_907269085.1	Eristalis pertinax							465923089	Contig	2021-05-19	CAJSMD01	1218356		PRJNA533106	SAMEA7520039
GCA_905231855.2	Eristalis tenax							487002646	Chromosome	2022-02-02	CAJNIU02	6649640	77068984	PRJEB43008	SAMEA7520042
GCA_905231855.2	Eristalis tenax							487002646	Chromosome	2022-02-02	CAJNIU02	6649640	77068984	PRJEB43032	SAMEA7520042
GCA_905231855.2	Eristalis tenax							487002646	Chromosome	2022-02-02	CAJNIU02	6649640	77068984	PRJEB40665	SAMEA7520042
GCA_905231855.2	Eristalis tenax							487002646	Chromosome	2022-02-02	CAJNIU02	6649640	77068984	PRJNA533106	SAMEA7520042
GCA_905231855.2	Eristalis tenax							487002646	Chromosome	2022-02-02	CAJNIU02	6649640	77068984	PRJEB43510	SAMEA7520042
GCA_905231855.2	Eristalis tenax							487002646	Chromosome	2022-02-02	CAJNIU02	6649640	77068984	PRJNA533106	SAMEA7520042
GCA_905231845.1	Eristalis tenax							504353716	Scaffold	2021-02-20	CAJNIT01	2410441	2410994	PRJEB43007	SAMEA7520042
GCA_905231845.1	Eristalis tenax							504353716	Scaffold	2021-02-20	CAJNIT01	2410441	2410994	PRJEB43032	SAMEA7520042
GCA_905231845.1	Eristalis tenax							504353716	Scaffold	2021-02-20	CAJNIT01	2410441	2410994	PRJEB40665	SAMEA7520042
GCA_905231845.1	Eristalis tenax							504353716	Scaffold	2021-02-20	CAJNIT01	2410441	2410994	PRJNA533106	SAMEA7520042
GCA_905231845.1	Eristalis tenax							504353716	Scaffold	2021-02-20	CAJNIT01	2410441	2410994	PRJEB43510	SAMEA7520042
GCA_905231845.1	Eristalis tenax							504353716	Scaffold	2021-02-20	CAJNIT01	2410441	2410994	PRJNA533106	SAMEA7520042
GCA_920104205.1	Eupeodes latifasciatus							846338106	Chromosome	2021-11-26	CAKKTC01	2687379	189435894	PRJEB48880	SAMEA7746776
GCA_920104205.1	Eupeodes latifasciatus							846338106	Chromosome	2021-11-26	CAKKTC01	2687379	189435894	PRJEB47320	SAMEA7746776
GCA_920104205.1	Eupeodes latifasciatus							846338106	Chromosome	2021-11-26	CAKKTC01	2687379	189435894	PRJEB40665	SAMEA7746776
GCA_920104205.1	Eupeodes latifasciatus							846338106	Chromosome	2021-11-26	CAKKTC01	2687379	189435894	PRJNA533106	SAMEA7746776
GCA_920104205.1	Eupeodes latifasciatus							846338106	Chromosome	2021-11-26	CAKKTC01	2687379	189435894	PRJEB43510	SAMEA7746776
GCA_920104205.1	Eupeodes latifasciatus							846338106	Chromosome	2021-11-26	CAKKTC01	2687379	189435894	PRJNA533106	SAMEA7746776
GCA_920104105.1	Eupeodes latifasciatus							784924569	Contig	2021-11-26	CAKKTD01	1254140		PRJEB48879	SAMEA7746776
GCA_920104105.1	Eupeodes latifasciatus							784924569	Contig	2021-11-26	CAKKTD01	1254140		PRJEB47320	SAMEA7746776
GCA_920104105.1	Eupeodes latifasciatus							784924569	Contig	2021-11-26	CAKKTD01	1254140		PRJEB40665	SAMEA7746776
GCA_920104105.1	Eupeodes latifasciatus							784924569	Contig	2021-11-26	CAKKTD01	1254140		PRJNA533106	SAMEA7746776
GCA_920104105.1	Eupeodes latifasciatus							784924569	Contig	2021-11-26	CAKKTD01	1254140		PRJEB43510	SAMEA7746776
GCA_920104105.1	Eupeodes latifasciatus							784924569	Contig	2021-11-26	CAKKTD01	1254140		PRJNA533106	SAMEA7746776
GCA_932273885.1	Leucozona laternaria							613542547	Chromosome	2022-03-10	CAKNZS01	7478926	134260815	PRJEB51193	SAMEA8603164
GCA_932273885.1	Leucozona laternaria							613542547	Chromosome	2022-03-10	CAKNZS01	7478926	134260815	PRJEB49344	SAMEA8603164
GCA_932273885.1	Leucozona laternaria							613542547	Chromosome	2022-03-10	CAKNZS01	7478926	134260815	PRJEB40665	SAMEA8603164
GCA_932273885.1	Leucozona laternaria							613542547	Chromosome	2022-03-10	CAKNZS01	7478926	134260815	PRJNA533106	SAMEA8603164
GCA_932273885.1	Leucozona laternaria							613542547	Chromosome	2022-03-10	CAKNZS01	7478926	134260815	PRJEB43510	SAMEA8603164
GCA_932273885.1	Leucozona laternaria							613542547	Chromosome	2022-03-10	CAKNZS01	7478926	134260815	PRJNA533106	SAMEA8603164
GCA_932273905.1	Leucozona laternaria							603821037	Contig	2022-03-05	CAKNZR01	587281		PRJEB51192	SAMEA8603164
GCA_932273905.1	Leucozona laternaria							603821037	Contig	2022-03-05	CAKNZR01	587281		PRJEB49344	SAMEA8603164
GCA_932273905.1	Leucozona laternaria							603821037	Contig	2022-03-05	CAKNZR01	587281		PRJEB40665	SAMEA8603164
GCA_932273905.1	Leucozona laternaria							603821037	Contig	2022-03-05	CAKNZR01	587281		PRJNA533106	SAMEA8603164
GCA_932273905.1	Leucozona laternaria							603821037	Contig	2022-03-05	CAKNZR01	587281		PRJEB43510	SAMEA8603164
GCA_932273905.1	Leucozona laternaria							603821037	Contig	2022-03-05	CAKNZR01	587281		PRJNA533106	SAMEA8603164
GCA_914767635.1	Melanostoma mellinum							731024304	Chromosome	2021-09-16	CAJZBU01	4649678	235131548	PRJEB47341	SAMEA7520051
GCA_914767635.1	Melanostoma mellinum							731024304	Chromosome	2021-09-16	CAJZBU01	4649678	235131548	PRJEB46300	SAMEA7520051
GCA_914767635.1	Melanostoma mellinum							731024304	Chromosome	2021-09-16	CAJZBU01	4649678	235131548	PRJEB40665	SAMEA7520051
GCA_914767635.1	Melanostoma mellinum							731024304	Chromosome	2021-09-16	CAJZBU01	4649678	235131548	PRJNA533106	SAMEA7520051
GCA_914767635.1	Melanostoma mellinum							731024304	Chromosome	2021-09-16	CAJZBU01	4649678	235131548	PRJEB43510	SAMEA7520051
GCA_914767635.1	Melanostoma mellinum							731024304	Chromosome	2021-09-16	CAJZBU01	4649678	235131548	PRJNA533106	SAMEA7520051
GCA_914767615.2	Melanostoma mellinum							698392656	Scaffold	2022-01-25	CAJZBV02	916944	926930	PRJEB47342	SAMEA7520051
GCA_914767615.2	Melanostoma mellinum							698392656	Scaffold	2022-01-25	CAJZBV02	916944	926930	PRJEB46300	SAMEA7520051
GCA_914767615.2	Melanostoma mellinum							698392656	Scaffold	2022-01-25	CAJZBV02	916944	926930	PRJEB40665	SAMEA7520051
GCA_914767615.2	Melanostoma mellinum							698392656	Scaffold	2022-01-25	CAJZBV02	916944	926930	PRJNA533106	SAMEA7520051
GCA_914767615.2	Melanostoma mellinum							698392656	Scaffold	2022-01-25	CAJZBV02	916944	926930	PRJEB43510	SAMEA7520051
GCA_914767615.2	Melanostoma mellinum							698392656	Scaffold	2022-01-25	CAJZBV02	916944	926930	PRJNA533106	SAMEA7520051
GCA_930367185.1	Myathropa florea							485087974	Chromosome	2022-02-13	CAKNEX01	8948556	132857545	PRJEB50850	SAMEA7520156
GCA_930367185.1	Myathropa florea							485087974	Chromosome	2022-02-13	CAKNEX01	8948556	132857545	PRJEB48254	SAMEA7520156
GCA_930367185.1	Myathropa florea							485087974	Chromosome	2022-02-13	CAKNEX01	8948556	132857545	PRJEB40665	SAMEA7520156
GCA_930367185.1	Myathropa florea							485087974	Chromosome	2022-02-13	CAKNEX01	8948556	132857545	PRJNA533106	SAMEA7520156
GCA_930367185.1	Myathropa florea							485087974	Chromosome	2022-02-13	CAKNEX01	8948556	132857545	PRJEB43510	SAMEA7520156
GCA_930367185.1	Myathropa florea							485087974	Chromosome	2022-02-13	CAKNEX01	8948556	132857545	PRJNA533106	SAMEA7520156
GCA_930367245.1	Myathropa florea							453772037	Scaffold	2022-02-13	CAKNFD01	1820910	1820910	PRJEB50849	SAMEA7520156
GCA_930367245.1	Myathropa florea							453772037	Scaffold	2022-02-13	CAKNFD01	1820910	1820910	PRJEB48254	SAMEA7520156
GCA_930367245.1	Myathropa florea							453772037	Scaffold	2022-02-13	CAKNFD01	1820910	1820910	PRJEB40665	SAMEA7520156
GCA_930367245.1	Myathropa florea							453772037	Scaffold	2022-02-13	CAKNFD01	1820910	1820910	PRJNA533106	SAMEA7520156
GCA_930367245.1	Myathropa florea							453772037	Scaffold	2022-02-13	CAKNFD01	1820910	1820910	PRJEB43510	SAMEA7520156
GCA_930367245.1	Myathropa florea							453772037	Scaffold	2022-02-13	CAKNFD01	1820910	1820910	PRJNA533106	SAMEA7520156
GCA_916050605.2	Platycheirus albimanus							677768813	Chromosome	2022-02-09	CAJZLR02	5597966	375708846	PRJEB47514	SAMEA7520157
GCA_916050605.2	Platycheirus albimanus							677768813	Chromosome	2022-02-09	CAJZLR02	5597966	375708846	PRJEB45186	SAMEA7520157
GCA_916050605.2	Platycheirus albimanus							677768813	Chromosome	2022-02-09	CAJZLR02	5597966	375708846	PRJEB40665	SAMEA7520157
GCA_916050605.2	Platycheirus albimanus							677768813	Chromosome	2022-02-09	CAJZLR02	5597966	375708846	PRJNA533106	SAMEA7520157
GCA_916050605.2	Platycheirus albimanus							677768813	Chromosome	2022-02-09	CAJZLR02	5597966	375708846	PRJEB43510	SAMEA7520157
GCA_916050605.2	Platycheirus albimanus							677768813	Chromosome	2022-02-09	CAJZLR02	5597966	375708846	PRJNA533106	SAMEA7520157
GCA_916050315.1	Platycheirus albimanus							665330124	Scaffold	2021-09-22	CAJZLI01	2561986	2561986	PRJEB47513	SAMEA7520157
GCA_916050315.1	Platycheirus albimanus							665330124	Scaffold	2021-09-22	CAJZLI01	2561986	2561986	PRJEB45186	SAMEA7520157
GCA_916050315.1	Platycheirus albimanus							665330124	Scaffold	2021-09-22	CAJZLI01	2561986	2561986	PRJEB40665	SAMEA7520157
GCA_916050315.1	Platycheirus albimanus							665330124	Scaffold	2021-09-22	CAJZLI01	2561986	2561986	PRJNA533106	SAMEA7520157
GCA_916050315.1	Platycheirus albimanus							665330124	Scaffold	2021-09-22	CAJZLI01	2561986	2561986	PRJEB43510	SAMEA7520157
GCA_916050315.1	Platycheirus albimanus							665330124	Scaffold	2021-09-22	CAJZLI01	2561986	2561986	PRJNA533106	SAMEA7520157
GCA_932526625.1	Rhingia campestris							719858466	Chromosome	2022-03-23	CAKOBI01	7975228	183825083	PRJEB51379	SAMEA7520159
GCA_932526625.1	Rhingia campestris							719858466	Chromosome	2022-03-23	CAKOBI01	7975228	183825083	PRJEB50462	SAMEA7520159
GCA_932526625.1	Rhingia campestris							719858466	Chromosome	2022-03-23	CAKOBI01	7975228	183825083	PRJEB40665	SAMEA7520159
GCA_932526625.1	Rhingia campestris							719858466	Chromosome	2022-03-23	CAKOBI01	7975228	183825083	PRJNA533106	SAMEA7520159
GCA_932526625.1	Rhingia campestris							719858466	Chromosome	2022-03-23	CAKOBI01	7975228	183825083	PRJEB43510	SAMEA7520159
GCA_932526625.1	Rhingia campestris							719858466	Chromosome	2022-03-23	CAKOBI01	7975228	183825083	PRJNA533106	SAMEA7520159
GCA_932526435.1	Rhingia campestris							664408267	Contig	2022-03-23	CAKOBE01	2712162		PRJEB51380	SAMEA7520159
GCA_932526435.1	Rhingia campestris							664408267	Contig	2022-03-23	CAKOBE01	2712162		PRJEB50462	SAMEA7520159
GCA_932526435.1	Rhingia campestris							664408267	Contig	2022-03-23	CAKOBE01	2712162		PRJEB40665	SAMEA7520159
GCA_932526435.1	Rhingia campestris							664408267	Contig	2022-03-23	CAKOBE01	2712162		PRJNA533106	SAMEA7520159
GCA_932526435.1	Rhingia campestris							664408267	Contig	2022-03-23	CAKOBE01	2712162		PRJEB43510	SAMEA7520159
GCA_932526435.1	Rhingia campestris							664408267	Contig	2022-03-23	CAKOBE01	2712162		PRJNA533106	SAMEA7520159
GCA_905146935.1	Scaeva pyrastri							320029822	Chromosome	2021-01-27		8651641	86161057	PRJEB41880	SAMEA7520160
GCA_905146935.1	Scaeva pyrastri							320029822	Chromosome	2021-01-27		8651641	86161057	PRJEB42145	SAMEA7520160
GCA_905146935.1	Scaeva pyrastri							320029822	Chromosome	2021-01-27		8651641	86161057	PRJEB40665	SAMEA7520160
GCA_905146935.1	Scaeva pyrastri							320029822	Chromosome	2021-01-27		8651641	86161057	PRJNA533106	SAMEA7520160
GCA_905146935.1	Scaeva pyrastri							320029822	Chromosome	2021-01-27		8651641	86161057	PRJEB43510	SAMEA7520160
GCA_905146935.1	Scaeva pyrastri							320029822	Chromosome	2021-01-27		8651641	86161057	PRJNA533106	SAMEA7520160
GCA_905147095.1	Scaeva pyrastri							325217936	Scaffold	2021-01-28	CAJHUJ01	2652713	2652713	PRJEB41881	SAMEA7520160
GCA_905147095.1	Scaeva pyrastri							325217936	Scaffold	2021-01-28	CAJHUJ01	2652713	2652713	PRJEB42145	SAMEA7520160
GCA_905147095.1	Scaeva pyrastri							325217936	Scaffold	2021-01-28	CAJHUJ01	2652713	2652713	PRJEB40665	SAMEA7520160
GCA_905147095.1	Scaeva pyrastri							325217936	Scaffold	2021-01-28	CAJHUJ01	2652713	2652713	PRJNA533106	SAMEA7520160
GCA_905147095.1	Scaeva pyrastri							325217936	Scaffold	2021-01-28	CAJHUJ01	2652713	2652713	PRJEB43510	SAMEA7520160
GCA_905147095.1	Scaeva pyrastri							325217936	Scaffold	2021-01-28	CAJHUJ01	2652713	2652713	PRJNA533106	SAMEA7520160
GCA_920937365.1	Sphaerophoria rueppellii							537631316	Scaffold	2021-12-05	CAKKXW01	59938	87097991	PRJEB48036	SAMEA9995348
GCA_943590905.1	Sphaerophoria taeniata							609254214	Chromosome	2022-06-24	CALSBU01	9215195	164279875	PRJEB53171	SAMEA7746606
GCA_943590905.1	Sphaerophoria taeniata							609254214	Chromosome	2022-06-24	CALSBU01	9215195	164279875	PRJEB51162	SAMEA7746606
GCA_943590905.1	Sphaerophoria taeniata							609254214	Chromosome	2022-06-24	CALSBU01	9215195	164279875	PRJEB40665	SAMEA7746606
GCA_943590905.1	Sphaerophoria taeniata							609254214	Chromosome	2022-06-24	CALSBU01	9215195	164279875	PRJNA533106	SAMEA7746606
GCA_943590905.1	Sphaerophoria taeniata							609254214	Chromosome	2022-06-24	CALSBU01	9215195	164279875	PRJEB43510	SAMEA7746606
GCA_943590905.1	Sphaerophoria taeniata							609254214	Chromosome	2022-06-24	CALSBU01	9215195	164279875	PRJNA533106	SAMEA7746606
GCA_943591125.1	Sphaerophoria taeniata							609456052	Contig	2022-06-10	CALSBT01	2128915		PRJEB53170	SAMEA7746606
GCA_943591125.1	Sphaerophoria taeniata							609456052	Contig	2022-06-10	CALSBT01	2128915		PRJEB51162	SAMEA7746606
GCA_943591125.1	Sphaerophoria taeniata							609456052	Contig	2022-06-10	CALSBT01	2128915		PRJEB40665	SAMEA7746606
GCA_943591125.1	Sphaerophoria taeniata							609456052	Contig	2022-06-10	CALSBT01	2128915		PRJNA533106	SAMEA7746606
GCA_943591125.1	Sphaerophoria taeniata							609456052	Contig	2022-06-10	CALSBT01	2128915		PRJEB43510	SAMEA7746606
GCA_943591125.1	Sphaerophoria taeniata							609456052	Contig	2022-06-10	CALSBT01	2128915		PRJNA533106	SAMEA7746606
GCA_905187475.1	Syritta pipiens							318506762	Chromosome	2021-02-02	CAJJIO01	28212948	86509480	PRJEB41892	SAMEA7520166
GCA_905187475.1	Syritta pipiens							318506762	Chromosome	2021-02-02	CAJJIO01	28212948	86509480	PRJEB42144	SAMEA7520166
GCA_905187475.1	Syritta pipiens							318506762	Chromosome	2021-02-02	CAJJIO01	28212948	86509480	PRJEB40665	SAMEA7520166
GCA_905187475.1	Syritta pipiens							318506762	Chromosome	2021-02-02	CAJJIO01	28212948	86509480	PRJNA533106	SAMEA7520166
GCA_905187475.1	Syritta pipiens							318506762	Chromosome	2021-02-02	CAJJIO01	28212948	86509480	PRJEB43510	SAMEA7520166
GCA_905187475.1	Syritta pipiens							318506762	Chromosome	2021-02-02	CAJJIO01	28212948	86509480	PRJNA533106	SAMEA7520166
GCA_905147025.1	Syritta pipiens							314927444	Contig	2021-01-28	CAJHUG01	7810249		PRJEB41891	SAMEA7520166
GCA_905147025.1	Syritta pipiens							314927444	Contig	2021-01-28	CAJHUG01	7810249		PRJEB42144	SAMEA7520166
GCA_905147025.1	Syritta pipiens							314927444	Contig	2021-01-28	CAJHUG01	7810249		PRJEB40665	SAMEA7520166
GCA_905147025.1	Syritta pipiens							314927444	Contig	2021-01-28	CAJHUG01	7810249		PRJNA533106	SAMEA7520166
GCA_905147025.1	Syritta pipiens							314927444	Contig	2021-01-28	CAJHUG01	7810249		PRJEB43510	SAMEA7520166
GCA_905147025.1	Syritta pipiens							314927444	Contig	2021-01-28	CAJHUG01	7810249		PRJNA533106	SAMEA7520166
GCA_907269105.1	Volucella inanis							961446857	Chromosome	2021-05-19	CAJSMH01	30067333	163465417	PRJEB44951	SAMEA7520171
GCA_907269105.1	Volucella inanis							961446857	Chromosome	2021-05-19	CAJSMH01	30067333	163465417	PRJEB44982	SAMEA7520171
GCA_907269105.1	Volucella inanis							961446857	Chromosome	2021-05-19	CAJSMH01	30067333	163465417	PRJEB40665	SAMEA7520171
GCA_907269105.1	Volucella inanis							961446857	Chromosome	2021-05-19	CAJSMH01	30067333	163465417	PRJNA533106	SAMEA7520171
GCA_907269105.1	Volucella inanis							961446857	Chromosome	2021-05-19	CAJSMH01	30067333	163465417	PRJEB43510	SAMEA7520171
GCA_907269105.1	Volucella inanis							961446857	Chromosome	2021-05-19	CAJSMH01	30067333	163465417	PRJNA533106	SAMEA7520171
GCA_907269115.1	Volucella inanis							878040916	Contig	2021-05-19	CAJSMG01	1490783		PRJEB44950	SAMEA7520171
GCA_907269115.1	Volucella inanis							878040916	Contig	2021-05-19	CAJSMG01	1490783		PRJEB44982	SAMEA7520171
GCA_907269115.1	Volucella inanis							878040916	Contig	2021-05-19	CAJSMG01	1490783		PRJEB40665	SAMEA7520171
GCA_907269115.1	Volucella inanis							878040916	Contig	2021-05-19	CAJSMG01	1490783		PRJNA533106	SAMEA7520171
GCA_907269115.1	Volucella inanis							878040916	Contig	2021-05-19	CAJSMG01	1490783		PRJEB43510	SAMEA7520171
GCA_907269115.1	Volucella inanis							878040916	Contig	2021-05-19	CAJSMG01	1490783		PRJNA533106	SAMEA7520171
GCA_928272305.1	Volucella inflata							753463946	Chromosome	2022-02-01	CAKMRS01	11556092	130208918	PRJEB50444	SAMEA7701275
GCA_928272305.1	Volucella inflata							753463946	Chromosome	2022-02-01	CAKMRS01	11556092	130208918	PRJEB49040	SAMEA7701275
GCA_928272305.1	Volucella inflata							753463946	Chromosome	2022-02-01	CAKMRS01	11556092	130208918	PRJEB40665	SAMEA7701275
GCA_928272305.1	Volucella inflata							753463946	Chromosome	2022-02-01	CAKMRS01	11556092	130208918	PRJNA533106	SAMEA7701275
GCA_928272305.1	Volucella inflata							753463946	Chromosome	2022-02-01	CAKMRS01	11556092	130208918	PRJEB43510	SAMEA7701275
GCA_928272305.1	Volucella inflata							753463946	Chromosome	2022-02-01	CAKMRS01	11556092	130208918	PRJNA533106	SAMEA7701275
GCA_928272175.1	Volucella inflata							649717072	Contig	2022-01-28	CAKMRT01	334484		PRJEB50445	SAMEA7701275
GCA_928272175.1	Volucella inflata							649717072	Contig	2022-01-28	CAKMRT01	334484		PRJEB49040	SAMEA7701275
GCA_928272175.1	Volucella inflata							649717072	Contig	2022-01-28	CAKMRT01	334484		PRJEB40665	SAMEA7701275
GCA_928272175.1	Volucella inflata							649717072	Contig	2022-01-28	CAKMRT01	334484		PRJNA533106	SAMEA7701275
GCA_928272175.1	Volucella inflata							649717072	Contig	2022-01-28	CAKMRT01	334484		PRJEB43510	SAMEA7701275
GCA_928272175.1	Volucella inflata							649717072	Contig	2022-01-28	CAKMRT01	334484		PRJNA533106	SAMEA7701275
GCA_910595825.1	Xanthogramma pedissequum							977153996	Chromosome	2021-07-07	CAJVCO01	7832695	248688513	PRJEB45689	SAMEA7520951
GCA_910595825.1	Xanthogramma pedissequum							977153996	Chromosome	2021-07-07	CAJVCO01	7832695	248688513	PRJEB45174	SAMEA7520951
GCA_910595825.1	Xanthogramma pedissequum							977153996	Chromosome	2021-07-07	CAJVCO01	7832695	248688513	PRJEB40665	SAMEA7520951
GCA_910595825.1	Xanthogramma pedissequum							977153996	Chromosome	2021-07-07	CAJVCO01	7832695	248688513	PRJNA533106	SAMEA7520951
GCA_910595825.1	Xanthogramma pedissequum							977153996	Chromosome	2021-07-07	CAJVCO01	7832695	248688513	PRJEB43510	SAMEA7520951
GCA_910595825.1	Xanthogramma pedissequum							977153996	Chromosome	2021-07-07	CAJVCO01	7832695	248688513	PRJNA533106	SAMEA7520951
GCA_910595765.1	Xanthogramma pedissequum							935989290	Scaffold	2021-07-07	CAJVCN01	1358354	1374127	PRJEB45688	SAMEA7520951
GCA_910595765.1	Xanthogramma pedissequum							935989290	Scaffold	2021-07-07	CAJVCN01	1358354	1374127	PRJEB45174	SAMEA7520951
GCA_910595765.1	Xanthogramma pedissequum							935989290	Scaffold	2021-07-07	CAJVCN01	1358354	1374127	PRJEB40665	SAMEA7520951
GCA_910595765.1	Xanthogramma pedissequum							935989290	Scaffold	2021-07-07	CAJVCN01	1358354	1374127	PRJNA533106	SAMEA7520951
GCA_910595765.1	Xanthogramma pedissequum							935989290	Scaffold	2021-07-07	CAJVCN01	1358354	1374127	PRJEB43510	SAMEA7520951
GCA_910595765.1	Xanthogramma pedissequum							935989290	Scaffold	2021-07-07	CAJVCN01	1358354	1374127	PRJNA533106	SAMEA7520951
GCA_905220385.1	Xylota sylvarum							534819879	Chromosome	2021-02-16	CAJMZQ01	29218644	124801819	PRJEB42874	SAMEA7520173
GCA_905220385.1	Xylota sylvarum							534819879	Chromosome	2021-02-16	CAJMZQ01	29218644	124801819	PRJEB42947	SAMEA7520173
GCA_905220385.1	Xylota sylvarum							534819879	Chromosome	2021-02-16	CAJMZQ01	29218644	124801819	PRJEB40665	SAMEA7520173
GCA_905220385.1	Xylota sylvarum							534819879	Chromosome	2021-02-16	CAJMZQ01	29218644	124801819	PRJNA533106	SAMEA7520173
GCA_905220385.1	Xylota sylvarum							534819879	Chromosome	2021-02-16	CAJMZQ01	29218644	124801819	PRJEB43510	SAMEA7520173
GCA_905220385.1	Xylota sylvarum							534819879	Chromosome	2021-02-16	CAJMZQ01	29218644	124801819	PRJNA533106	SAMEA7520173
GCA_905220405.1	Xylota sylvarum							442946703	Scaffold	2021-02-14	CAJMZT01	2273631	2273631	PRJEB42875	SAMEA7520173
GCA_905220405.1	Xylota sylvarum							442946703	Scaffold	2021-02-14	CAJMZT01	2273631	2273631	PRJEB42947	SAMEA7520173
GCA_905220405.1	Xylota sylvarum							442946703	Scaffold	2021-02-14	CAJMZT01	2273631	2273631	PRJEB40665	SAMEA7520173
GCA_905220405.1	Xylota sylvarum							442946703	Scaffold	2021-02-14	CAJMZT01	2273631	2273631	PRJNA533106	SAMEA7520173
GCA_905220405.1	Xylota sylvarum							442946703	Scaffold	2021-02-14	CAJMZT01	2273631	2273631	PRJEB43510	SAMEA7520173
GCA_905220405.1	Xylota sylvarum							442946703	Scaffold	2021-02-14	CAJMZT01	2273631	2273631	PRJNA533106	SAMEA7520173
